<?xml version="1.0" encoding="UTF-8"?>

<!DOCTYPE connection-factories PUBLIC
          "-//JBoss//DTD JBOSS JCA Config 1.5//EN"
          "http://www.jboss.org/j2ee/dtd/jboss-ds_1_5.dtd">

<!--
 $Id: mule-jboss-ds.xml 13091 2008-10-17 13:29:52Z dfeist $

 Copyright (c) MuleSource, Inc.  All rights reserved.  http://www.mulesource.com

 The software in this package is published under the terms of the CPAL v1.0
 license, a copy of which has been included with this distribution in the
 LICENSE.txt file.
-->
<!-- 
 NOTE: this file HAS to end with -ds.xml
-->
<connection-factories>
    <tx-connection-factory>
        <jndi-name>mule/ConnectionFactory</jndi-name>
        <local-transaction/>
        <!--<xa-transaction/>-->
        <!-- Maintain a 1:1 relationship between a TX and connection -->
        <track-connection-by-tx/>
        <!-- This should go in sync with the currently built Mule version -->
        <!-- <rar-name>mule-jca-${version}.rar</rar-name> -->
        <rar-name>mule-jca-jboss-${version}.rar</rar-name>
        <connection-definition>org.mule.module.jca.MuleConnectionFactory</connection-definition>
    </tx-connection-factory>
</connection-factories> 